{
    "NWG.L": 2512.925416677456,
    "BNC.L": 2551.497429242025,
    "JPM.US": 55.70830564784054,
    "HSBA.L": 3594.1538461538453,
    "STAN.L": 1879.5934699103716,
    "NCB.DE": 45.53248792270531,
    "SAN.WA": 125.83242408131268,
    "0Q1F.L": 55.703211517165016,
    "SHB-A.ST": 420.7789414924526,
    "ICK.VI": 20.93652367120485,
    "EK7.VI": 22.58961295072251,
    "CMC.DE": 47.80496894409938,
    "BAC.US": 52.9656330749354,
    "WFC.US": 49.96432182579806,
    "NWT.DE": 74.23488649940263,
    "CNCB.VI": 19.331274799196326,
    "BAC.SW": 31.148936170212767,
    "WFC.SW": 10.297131147540984,
    "HBC1.DE": 41.769230769230774,
    "HSBC.US": 46.95245478036175,
    "RY.US": 60.9850224394548,
    "BOCN.VI": 20.17554236388925,
    "TRVC.DE": 39.9397233201581,
    "0QKU.L": 54.9178056903268,
    "C.US": 43.21201912627689,
    "MUFG.US": 43.58666258979129,
    "0R01.L": 33.72517985611511,
    "TD.US": 16.25623964052789,
    "RY-PT.US": 12.648727371385881,
    "SAN.MC": 29.624316127198497,
    "BSD2.DE": 29.602602951972404,
    "CBA.SW": 13.360615653551548,
    "UBSG.SW": 112.44444444444443,
    "UBS.US": 139.99138673557277,
    "SAN.US": 34.58109264880892,
    "BOY.DE": 24.51268257343144,
    "BVA.L": 24.35191155454501,
    "BNS.US": 52.63520868863955,
    "NU.US": 100.8962432915921,
    "X5Z.F": 10.906788920187285,
    "0R3T.L": -61.30232558139536,
    "CM.US": 49.20799681688325,
    "SANTA.BR": 16.24753543394963,
    "INGA.AS": 30.55005130489165,
    "BCS.US": 32.20547899310372,
    "BCY.DE": 30.27538680554852,
    "EWBC.US": 46.24764857881137,
    "INN1.DE": 30.555485586887702,
    "INGA.SW": 21.222507766777632,
    "ABN.AS": 31.493451016058685,
    "ALR.WA": 76.90344731591888,
    "CSGN.SW": -0.24690527742127522,
    "CABP.L": 713.7037237796385,
    "CS.US": -0.2735164822505307,
    "NTB.US": 35.401526162790695
}