{
    "APC.DE": 119.21379119357519,
    "0QYR.L": 1405.0805061382025,
    "AAPL.US": 138.73159531921195,
    "APC.F": 119.21600664635835,
    "SMSD.L": 0.056010704728005976,
    "SSUN.VI": 1063.9791767202685,
    "SMSN.L": 3.477940063871618,
    "SSUN.F": 42.83317943204546,
    "BC94.L": 60.5205695013548,
    "SSU.VI": 1298.0497309526404,
    "SONY.US": 94.76479258711795,
    "BO.CO": -2213.2809957750483,
    "HTJ.F": -37.96988319225712,
    "3CP.F": -17.26298136645963,
    "EMR.SW": 14.546345811051692,
    "WIN.SW": -1.5604495007480081,
    "VID.L": -45.122121479577096
}