{
    "SAP.US": 163.64120894139103,
    "GOOGL.SW": 524.0174672489082,
    "SAP.DE": 144.93826321305022,
    "SGE.L": 2757.407158161998,
    "CRM.US": 158.59035100390005,
    "FOO.F": 136.3021874156089,
    "INTU.US": 53.78921684111332,
    "UBER.US": 142.06046511627906,
    "NOW.US": 502.6256564141035,
    "SHOP.US": 186.03388704318942,
    "ITU.DE": 63.12586719524281,
    "FOO.DE": 136.30691331352955,
    "UBER.SW": 40.34959430894309,
    "GBG.L": 6274.848245444906,
    "0A7O.L": 10.8175540471613,
    "TEAM.US": -2047.6526722439685,
    "CDNS.US": 574.870319274734,
    "KNOS.L": 6875.882615091974,
    "ATG.L": 2080.202187876205,
    "AUD.DE": 389.6736186348863,
    "MSTR.US": 10.806295694817992,
    "ALFA.L": 2048.73677963682,
    "DSY.PA": 145.03740236705028,
    "0A3O.L": 18169.204260651626,
    "TTD.US": 394.2532299741602,
    "SNOW.US": -235.79984321923172,
    "CER.L": 4620.559866116444,
    "DEV.L": -48000.0,
    "FICO.US": 198.85795013506382,
    "DDOG.US": 18136.29130966952,
    "CDS.DE": 136.13796721311476,
    "BIDU.SW": 160.6756408139679,
    "FNOX.ST": 2650.386095298334,
    "NCC.L": -1539.0809419185257,
    "PBEE.L": 55522.030306824854,
    "BIG.L": 8633.063435522012,
    "ANSS.US": 628.0932203389831,
    "SIM.CO": 2491.0278782215373,
    "HUBS.US": -8414.37984496124,
    "5ZM.F": 76.89021164021163,
    "VIT-B.ST": 1431.256481161424,
    "TRUE-B.ST": 1496.0725156321412,
    "ACSO.L": 2009.703705050505,
    "PTC.US": 171.710484824596,
    "IDOX.L": 11032.219484430609,
    "SSNC.US": 115.6404776869893,
    "GRAB.US": 588.3450513791238,
    "MNDY.US": 8046.496428028576,
    "DOCU.US": 215.08770764119603,
    "APTD.L": 2682.2023818930393,
    "FFV.DE": 94.39946018893387,
    "NET.L": 5441.109334224441,
    "GHT.L": 5467.02137298876,
    "0IL6.L": 93.67604439103695,
    "GWRE.US": 400.7792811839323,
    "CTX.DE": 112.89040437710437,
    "BSY.US": 248.57973421926906,
    "YMM.US": 3.5882667332887674,
    "ELCO.L": 5511.900358958618,
    "GTLB.US": -202.57399577167018,
    "E3G1.SG": 51.68780201131526,
    "TRCS.L": -20942.646264475792,
    "ESTC.US": -516.0683139534883,
    "PAYC.US": 143.55843206084538,
    "PCOR.US": -494.0847176079734,
    "BKI.US": -100.51071428571431,
    "EYE.L": 3153.8116667878226,
    "MANH.US": 224.08485898070265,
    "CDAY.US": 528.7218934911243,
    "IGP.L": 3186.103287975097,
    "TRB.L": 1537.4601144395988,
    "XM.US": -41.81966890027592,
    "SPSY.L": 6304.14554905783,
    "DAY.US": 453.3685152057246,
    "DSGX.US": 244.03433001107422,
    "NICE.US": 50.669473846867035,
    "SPSC.L": 1138.888888888889,
    "RM.L": 3175.272373426936,
    "PEGA.US": 298.9237726098192,
    "VERX.US": -3099.3023255813946,
    "SMAR.US": 5924.473684210527,
    "CVLT.US": 335.0908293111013,
    "ACP.WA": 393.40514569125855,
    "CLBS.L": 1090.9308304968254,
    "NATI.US": 260.0913043478261,
    "U.US": -130.04961716254084,
    "AOM.L": 8428.845308961607,
    "APPF.US": 265.5967441860465,
    "D4T4.L": 3368.721477566866,
    "OTEX.US": 17.744459644322845,
    "CWAN.US": -230.85271317829458,
    "BILL.US": 191.16885743174925,
    "RUM.US": -73.73555275123692,
    "NEMA.SW": 171.27959804322757,
    "SRAD.US": 147.2989539598123,
    "INTA.US": -186.01617795753288,
    "QXO.US": -138.69457364341085,
    "COUP.US": -71.83499288762445,
    "BETCO.ST": 2170.4007219632113,
    "VOLUE.OL": 2959.4088712421144,
    "0U3Q.L": 16.06779661016949,
    "PULS.L": -625.5556593832591,
    "SOUN.US": -64.82864137086904,
    "IDCC.US": 35.241946720631645,
    "ASAN.US": -83.87004103967168,
    "SMCRT.OL": 2185.29368118477,
    "ZETA.US": -286.7087110760741,
    "ALTTU.PA": -165.113105090455,
    "LIME.ST": 1789.5834609571746,
    "BRZE.US": -79.91792065663476,
    "BLKB.US": 120.03962101636517,
    "NCNO.US": -222.7441860465116,
    "WK.US": -207.1016611295681,
    "CVT.US": -126.51461782317718,
    "DV.US": 310.1953488372093,
    "0DWV.L": 468.8796696250481,
    "GBTG.US": -23.492248062015506,
    "PWSC.US": -188.4921875,
    "FROG.US": -227.11627906976742,
    "LVC.WA": 294.48927544320674,
    "ZI.US": 129.05092592592595,
    "UTDI.SW": 105.31945144948821,
    "ALIT.US": -2.3950051552296943,
    "INST.US": -98.10215053763443,
    "SKL.L": 7386.320816663997,
    "US44891N2080.SG": -4.985085346226347,
    "ALKT.US": -197.12343470483006,
    "CBRAIN.CO": 900.4280609293464,
    "AYX.US": 42.97450280469148,
    "ENV.US": -2086.71948206832,
    "BL.US": 416.1216457960643,
    "GRND.US": 217.31448763250887,
    "CHSS.L": -241.6819662761198,
    "RNG.US": 188.33178294573645,
    "BTDR.US": -17.568237454100363,
    "M8G.ST": 7175.096597161958,
    "CALX.US": -17942.460615153792,
    "GETB.L": 137.60425248939902,
    "0OA4.L": -755.1000188495478,
    "ZOO.L": Infinity,
    "ASE.WA": 334.6217145524012,
    "VRC.WA": 456.6822940514638,
    "VU.PA": -1402.9012519592698,
    "SMRT.L": -4567.749384246274,
    "SIGNUP.ST": 2850.088612903662,
    "SEMR.US": -191.19113864244844,
    "ESYS.L": -640.4184376920676,
    "QTCOM.HE": 171.24153239571962,
    "PRGS.US": 119.40465116279067,
    "NATL.US": 53.50514677849789,
    "PAR.US": -116.80590339892665,
    "ABS.WA": 457.33130852366185,
    "YOU.US": 121.17352415026832,
    "IBTA.US": 383.6730349635464,
    "JAMF.US": -52.33575581395349,
    "LSPD.US": -34.19186046511628,
    "SPT.US": -82.26135105204874,
    "TEK.L": 75.14333333333333,
    "PLUS.US": 54.7119575169383,
    "AOF.DE": 159.2337349654673,
    "DBD.US": 181.430799773114,
    "PD.US": -224.40863787375412,
    "CINT.ST": -433.6265393314904,
    "CRDL.L": -4479.284060542603,
    "TXT.WA": 153.88276392616135,
    "CKT.L": -1305.4705284271502,
    "IAR-B.ST": 10302.839312283024,
    "UPBD.US": 90.13350559862188,
    "ALESK.PA": 158.25840045713946,
    "MTTR.US": -6.477884615384615,
    "ARC.L": 1862.5010032777411,
    "AMPL.US": -63.69277845777234,
    "SEYE.ST": -466.211203976682,
    "EVBG.US": -71.42857142857143,
    "MLNK.US": -447.27304922677376,
    "ADEA.US": 94.96279069767441,
    "FSLY.US": -27.364190562203664,
    "MNTV.US": -58.603658536585364,
    "DCBO.US": 276.08245243128965,
    "0M2A.L": 88.65333333333332,
    "DAVE.US": 316.76436388508887,
    "ITIM.L": 4379.657173531511,
    "FPIP.ST": 3127.191444600281,
    "OPFI.US": -14.441264162194393,
    "WKME.US": -66.05769230769232,
    "MODN.US": -835.6858386588867,
    "OLO.US": 1015.7441860465118,
    "PRO.US": -140.40803382663847,
    "PEN.L": -335.8833490680015,
    "RKET.HM": Infinity,
    "PDFS.US": 745.8845940153982,
    "WEAV.US": -70.68498942917547,
    "ENFN.US": 575.9819967266776,
    "SHO.WA": 541.3100538643007,
    "VTEX.US": 340.13081395348837,
    "4GBL.L": -218.75735496498635,
    "MSAB-B.ST": -707.3112317780858,
    "LSS.PA": 137.78001724355866
}